x1,x2,x3,y
-0.2536411918822159,0.3503002465949785,-0.7253929887710022,-0.5376600935538172
-1.0,1.0,0.19204351828091748,5.120648099109071
-0.4019569620747192,-0.06766008229607001,-0.45212270025069823,0.09272695131464345
-0.7857094144542056,0.5763206924942077,0.4659150060230708,-2.4938631665313737
-0.03820650523668423,0.9947520994357912,0.20300895817675024,7.041429339806241
1.0,0.3367651032700538,-0.03178503445972969,5.221579876708677
0.6685866067775115,1.0,0.18409493513951092,7.214831289459445
-0.3606789177905858,0.488685586530313,-0.023479882940433683,-0.4147859602474062
-0.7347922380215928,-0.26200584026056384,-0.66599718004664,0.6423523730110545
0.07261860654116226,-0.013580378833908835,1.0,-0.38361178697170123
0.5882206630156352,0.33130845647425455,-0.7482392609994692,0.6662216860352754
-0.8850758228454323,0.6013886159068349,0.5437742691875962,-3.6034671036021844
0.14160005826968258,-0.7421431931834153,-1.0,-8.920786692985672
-0.4490448461022185,-0.7248320934110122,-0.4456835538602053,1.448403777698254
-0.3819605173334497,-0.21206541864226125,-1.0,-1.9018528898085487
0.7304291150611708,0.8836257961287959,-1.0,4.469171641888886
0.10694459851387572,-1.0,0.21166788466474373,2.2692107417125715
1.0,-1.0,-0.2583395545103295,-8.91915895317559
-0.08872564257556737,0.2102778764461133,-0.2510344707213146,0.39731484932618255
-0.3709144911077684,-0.7160559058275366,0.0933508497952964,0.9662110584543895
0.7382633474417066,0.5738008461308512,0.2633678071610548,2.9340615239460517
1.0,0.5610070115007293,0.11365142273512596,7.168418406440014
1.0,-1.0,-0.025333895705207388,-8.286455890285051
-0.8019005937182064,-0.21756211113648116,0.7107262815354787,-0.06912199666927257
-0.35577859989123617,-0.15852604656092506,0.5026280812267765,-0.22830556195276835
-0.6329674356958028,-0.13918328040977723,0.7508599248877883,-0.17157488956617034
0.8155929982825063,0.13407624106169802,-1.0,1.3910529933649465
-0.6363916884372907,0.5506253333681568,1.0,4.707191740283155
1.0,-0.09941431702088721,0.4841932950282861,6.500337760974747
0.06667872226828608,0.22205553134155265,0.4578163027196307,0.2967707070394466
0.6379063032315488,1.0,-1.0,9.48172002454254
1.0,-0.9525925010401408,0.3547275341997249,-4.5509147533725205
-0.3004412350686856,0.6186950979078178,0.768586767180544,1.5690285640917592
1.0,-1.0,-0.7569028162852938,-16.30861221742402
0.10739083651395598,0.5246228659515668,0.10995648309411821,-0.16452630096528886
-0.33353585563523636,1.0,-1.0,1.6280107834008553
0.6915588483890325,-1.0,0.5795953998951766,-2.2581996567855
-0.36759935314726033,-1.0,-0.38239264308663046,1.1299014752278294
0.657557583584496,-0.7252428839498042,0.963410109324127,-2.8830987316282117
0.5382587354787021,0.4274819588713148,-0.7847076514747622,1.2344289571639278
0.4095227264348924,-0.6754173769256813,-0.33614516973010145,1.8171915873775162
-0.06665150435838796,-1.0,-0.25479521132318284,2.156867910204826
0.2169432750033311,-1.0,-0.04536106374783411,1.0170538401149685
0.5781049061113692,0.5217171832375376,-0.4635865772984422,1.0677805928228221
-1.0,0.7442631107292439,0.47431169333398726,-3.2019423196539147
-1.0,0.29157187578886323,-0.09159748410439228,-4.336369957780071
-0.5332490845471289,-0.4724198582213377,1.0,0.6590346592115326
-0.7476303329835967,-0.33478689451393673,0.2807965436368167,-0.014269520644703867
-1.0,-0.9361056628164452,0.5065125459366595,11.21099094955415
-0.6833633016166969,-0.0794038055073012,-0.0876031039311378,-0.41143695223438176
0.3543103198790214,-0.7918461215585404,0.37128344267771096,0.3150467880473955
1.0,1.0,-1.0,37.84909792105038
-0.10412214452786994,0.8069373796645627,-0.06901534490966688,1.6432281306519414
-0.2273381597651234,-1.0,-0.8277229526885561,-6.955768621395861
-0.27207655289670485,1.0,-0.40084419829834994,7.307367658706545
0.24569711980045672,-0.19267719498424674,0.5402961717743353,1.2508609838533329
0.47535871757357584,1.0,0.4137547783691806,6.481034079092711
0.09295257015710079,-0.142382276670723,-0.4673117354783416,1.8179444722116536
0.5401917152204516,-0.804807379095009,-1.0,-12.553680069223322
0.7001420410978383,0.6475712469916699,-0.09829407512471655,2.322803137086292
-1.0,-0.9167001403722368,1.0,19.49060643006649
0.7204738538916831,-0.8185200795040553,0.019746204516513988,0.29668599364172465
-0.4472154207882968,-1.0,-1.0,-12.216972444786133
0.8298310706448433,-0.06278121759007149,1.0,3.649609357939113
0.48716677386098217,0.14991812385040237,0.8153341712375692,0.7257117211091438
-0.1114810091438545,1.0,1.0,14.657455698825057
-0.5995011452964254,0.2850385145780301,-0.26741041900087104,-1.2890302609011426
0.2428179593901989,0.6287265679433092,-1.0,-3.9108993350168544
-0.40453641359464587,0.16654059212540706,-0.5626251167263923,-0.30345617874105496
1.0,0.4805894534170143,-1.0,12.648207895260482
0.3576640148881476,-0.8192937244202234,0.31198827964986586,0.8458393635426085
-1.0,1.0,-1.0,21.181236311788762
-0.08852495615767286,0.9853818534722247,-0.48288987515123893,8.120278575754968
0.05045233754663059,-0.4155399191521232,0.6096628808526994,0.24074376901368755
0.2897746903542191,-0.4552217496859565,-0.6640029722673175,0.2506640976300259
-1.0,0.5243782612566565,0.4655577972164391,-4.502483496561528
-1.0,1.0,0.2547134287168946,4.680814229514524
0.5991395883498227,0.3855108631744497,0.3595751063363779,2.707958908263061
-0.027934174459024463,0.9121131084147016,-0.13003005588058159,4.876054995686142
0.6604478052276512,-0.313822495476229,-0.36120675655338164,0.8712144908802792
-0.9148495872850093,-0.3680647835419939,1.0,4.829425979565373
-0.24939047560960348,0.6956346053724172,0.036442710403700396,0.21796282771529774
0.35874763075594673,1.0,0.5967792413437893,6.967534784984073
-0.4310899368472221,-0.19438368286318086,-0.95346408346852,-1.3708818367533084
0.37013586268924636,-1.0,-0.8428606383249198,-9.622520474902498
1.0,0.8969360390606271,-0.19419121832837605,11.140768674841377
-0.14166692108626378,0.019291508172155858,0.2523311218151909,0.010243721377450804
1.0,-1.0,-0.8392015743669647,-18.04263664349372
0.76728968735568,-0.4603580403371379,-1.0,-4.612849220966593
0.708340921673358,-0.6814414099339912,-1.0,-9.473782328340304
0.21742556496356213,-1.0,-0.5907930103367218,-3.230287719669775
-0.04949623545591164,-0.8844750050990575,0.04500602928481445,2.0070573405371444
0.8561697461864557,-0.6097810208677255,0.4972789980809693,1.4046188942653424
0.4251572922778759,-0.4350443434059419,0.39963883520257504,1.6077503876249997
-0.10309066637282016,0.8330373714123165,-1.0,-3.573903100130363
-0.31331032804854786,-1.0,0.5943183326861359,1.193111637214395
-0.05557158845003429,-0.029158553364829976,-1.0,-2.9733663992269985
-0.6218447687474731,-1.0,0.18062308235944147,4.174256346190717
-0.5955822574272527,0.528422541737847,-0.3399229923443068,-1.6633957713814564
0.32299081918019934,1.0,-0.4255062049915883,10.355039388682979
-1.0,1.0,0.24792083581060842,4.515857433768535
-1.0,0.08366521023567008,-1.0,12.046034691252656
1.0,0.06433267371804652,0.9201570874892957,11.547710167594142
0.22168007734837158,0.23286109525360432,1.0,1.2825908859252955
0.9739201740505741,-0.9103549908701789,0.32137211290123346,-2.255669353698399
0.24663800355912335,-0.7160927424997221,0.05958348463911056,0.9639343013810342
0.4347701721687953,-0.23774395100178736,-0.591079860223541,1.0785005127804572
-1.0,-0.8053727335518612,1.0,16.616526844777837
-0.3547470414081033,-1.0,0.6560942255568505,1.4274176001018235
-0.07963375363996827,0.2793474920424257,-0.41987521058167054,0.04402114209007335
-1.0,1.0,-1.0,21.31204428128944
-1.0,-1.0,0.24136832884711712,8.824752405196422
-0.49817465674732975,0.44145012581940746,0.17018422611548978,-0.8036707693235909
0.7389477214197531,0.4485973346537453,-0.5215301952647551,1.3652776496518255
0.9860810419987083,-0.6468330032314507,0.833176162953057,3.510767783739265
0.35730622533944545,0.4685138330317187,-0.4622838587866356,1.3653546197439075
0.0957713767874726,0.22688493431337764,-1.0,-4.314282878300776
-0.057558890502322324,0.5803391171472558,-1.0,-4.548719411769477
-0.5460716974197459,-0.8227435527550917,-1.0,-6.446595755458685
-0.9782232379434184,0.517083992100241,-0.02016261366737293,-2.3078347472103733
0.07737838725480173,-0.9735673395452473,0.18223513824889803,1.2783564234086984
-0.19725084621373368,0.5060351508557142,0.9045171593530907,1.8602661813431791
-1.0,1.0,1.0,17.474312249174893
-1.0,-1.0,-1.0,3.1622112411608585
-0.04434649246605282,1.0,0.20740515953383198,6.904186142261396
-0.19189191358178848,-1.0,0.7834799806386799,-0.43193025558304177
-0.06161884724973077,0.15993568718969753,0.03681060554814031,0.35941041261698436
-1.0,1.0,0.25982515302362597,3.537658549544849
-0.838901025550802,0.6440043190545754,0.1712725752822497,-2.752045827645687
-0.6229830083159573,-0.02944259403048255,1.0,2.1773605105230294
0.5964083109502549,1.0,0.474741499249244,7.135129684113206
1.0,0.6091143640881194,0.7777360937149329,15.621906186979428
-0.30512423503347885,-0.051144276512413045,0.6596346109618636,-0.4672241846007298
-0.8179146899145882,0.8288120931984082,-0.597070645775021,-0.30941893058006936
0.6718069725857485,0.4892128760005865,-0.380811457445422,1.7329636370383328
-0.9701468740690187,4.039637390462758e-05,-0.05307548946602236,-4.269086344040789
-0.027114320887605903,-0.7042708639954653,0.4295116406847548,1.0427098417955774
0.5385062074932063,-0.06974132258838339,-0.044136369123841446,0.6479732761277356
0.9329389921996492,0.7968649951458673,-0.25198418510114484,6.708227560441699
0.7441879044084982,-0.3293292413498461,-0.2098698400810899,2.5755256309121606
0.4129037104183413,1.0,0.43244817324739726,7.368090875675636
0.9260339446181021,-0.23677811044430808,1.0,4.937014372947804
-1.0,-0.966322020302343,1.0,21.58360772844964
-1.0,-1.0,1.0,23.44543382835083
-0.6996265064204834,0.5572735936191813,-0.023681312642976238,-2.275941813686557
-0.9195322509241513,1.0,1.0,15.68729714521216
-0.22886225837712493,-0.6940625990639824,1.0,-1.3061143638080337
-0.09917750801091096,-1.0,1.0,-6.571104898603586
1.0,-0.7456621444774534,-0.4170001601677227,1.9979545267956151
0.2503103676301608,-0.7633654946795869,0.3774783094459082,0.8851430388685462
-0.7253167732330512,-0.7255726022850448,0.4824762003765799,3.419265687492468
0.27285713721215465,1.0,-0.9216920900589949,8.546806467299787
0.6672733537977305,1.0,-0.4581215142028623,11.068781928720695
-1.0,0.5268552046012642,-0.41589347545929223,0.327430391121274
0.0929971727134693,-0.16693578139463527,-0.36920323918234565,1.067547419282274
0.673484902663563,0.6539448193276056,-0.43935681659891346,1.6829228726001069
1.0,-0.5539088362975877,0.19110680569423066,3.758145346697774
-0.28674583927528974,0.008181377874575624,1.0,0.6447408339987968
0.5909776221876488,-0.6071299474659224,0.21469313365837195,0.23413517961466646
-0.6053002886709338,-0.6000949000900866,-0.09738548539153391,1.2219727225670365
-0.121539881921374,0.3372656415894939,-0.19184898936134465,0.01832420539411929
1.0,-1.0,-0.6942913820917753,-13.944459535515337
-0.3937164068742216,1.0,-0.7900256174459199,5.503761013219206
0.7104953032279551,-1.0,-1.0,-25.9615335542715
1.0,-1.0,-0.46160826377439124,-10.594123456176927
-0.1329661933498798,0.0008784015554890168,-1.0,-2.9079495109659774
0.13578972834894842,-0.6476738382039384,-0.25279999322049274,1.2678885883116393
-0.054574140735606846,0.9170276685416048,-0.17875053761825765,4.922953575942045
-0.7528879282212115,0.035174853080617074,0.30163812533468337,-1.3260518982236182
0.6906572088363869,-0.8638616801642172,0.11433541526298852,0.11046722226766287
-0.3758746092884453,0.39364838610169817,-0.7757744099569657,-1.1946304282835443
0.8588045138908811,-1.0,-1.0,-27.4788401943974
0.9719696627606085,1.0,0.4898565489916895,12.402268588578472
1.0,1.0,0.5513783775445378,13.728864967890834
0.09139516777955414,-0.3780174096571596,0.3388601120039474,0.9147431605014162
-1.0,-0.6951792577337512,0.8702539531935791,9.421813044070664
-0.7390513648935428,0.8000506771971445,1.0,10.544481455353118
-0.3072918573293346,-0.047296903653931466,0.33974639623358494,0.059497010998623354
1.0,1.0,1.0,25.85041212896128
0.97063294171152,1.0,-1.0,34.482149559726736
1.0,-1.0,0.38590611924922325,-7.039487132140574
1.0,0.5498317404583033,-0.2908883545997565,5.683710123862728
0.19586325254831283,-0.763617803674528,-0.7245953817904627,-0.8190517159580013
0.33114683023626235,1.0,0.28698266117381266,7.722464003334176
1.0,1.0,0.5240973285137056,13.936778196712876
-0.5195883381186299,-0.5924514281783615,-0.8468485908725774,-0.5514987411455088
-0.09128028196597304,-0.0787862085035238,1.0,-0.14766353717723835
0.6181668872665589,-0.9647100109179696,0.1919694476227336,-0.9441778666860143
-1.0,-0.46303552985893504,-0.12187669965392822,-1.872110760921231
0.37636599306533225,0.15368740057813057,0.5369032409670977,1.1841295128434854
0.44559809589856947,0.1121580633392365,-0.7508766517892913,1.2624042549959422
-0.6936098724429476,-1.0,-0.12626265130642134,4.662762398137744
0.451231761368061,-1.0,1.0,-5.978649392676565
0.16625782223446417,-0.636304794267641,1.0,-2.948858829162796
-1.0,1.0,1.0,17.81189040800511
1.0,0.6918436144695905,-1.0,15.268162576673104
-0.5386715398448598,0.181414070329877,-0.697958705482328,-0.5715439809618135
1.0,-0.44156330195535176,-0.8392482211570285,5.335242785052007
1.0,-0.8627859996403486,-0.07755514609427872,-1.3568022975236456
-0.8593161908069862,-0.37571773132724906,-0.6502924634816329,1.7071048680122078
0.03126574558170958,-0.8748627141364576,0.0697348471694057,2.037992844044306
0.3384477969775592,-0.21386824030244966,0.5925172259200313,0.6699411529720668
-0.4049839693278354,-0.6915542134422583,1.0,-0.3541533813521571
0.5389161650235668,0.0384301178240225,1.0,0.43874677093126896
-1.0,-0.31813454772146255,-0.9079512728518482,3.0169242009295365
-1.0,-0.05795880567586953,0.15028877469647006,-4.3807865696056005
-0.2623106808942981,-0.16113604256397163,0.06580319896563713,0.10237630004472253
0.8267638577499854,-1.0,-1.0,-27.25809249068458
0.8784683155276456,-0.6500106047764698,-1.0,-6.367205990969216
0.8589330805970259,1.0,-0.01348378957157692,9.985205934527237
1.0,0.02007967356814122,0.1700320725700195,5.517415431279164
-1.0,0.9163050993761497,-0.07424300080343138,4.169087258737118
0.8813967200137247,1.0,0.2308444443963258,9.657661172948224
-0.5881573390706909,-0.2937741654797392,-0.30493728976342327,-0.16111200766276373
0.15607626956627962,0.3661042093329365,0.07614376791013533,0.2288301681994397
-0.4383564810232201,0.30778693253793477,0.7002684979482903,-0.574933155939464
0.8036658150626168,-0.36835987195724096,-0.22847454399631295,1.404941972936657
-1.0,-1.0,-0.0061587110153027425,7.664495450085208
-0.35656446643006623,-0.5060729692799839,-0.6092085713439339,0.5600061329566484
0.03081857689182299,-0.35941814064060096,-0.5538231767313024,0.5613050784340881
0.5000195993280849,-0.5677058188331863,0.6707212612056006,0.5724807490777366
-0.1542715151223648,0.0014278631098210148,0.6899913722766031,-0.26051362447945825
-0.5946599590349122,1.0,0.1482659157669588,5.363852353881698
0.3562241807661073,-1.0,-0.05422754232043925,0.6856475295330968
-0.6430228622500047,0.5288650887446016,-0.4788235983225537,-2.2455084719761187
-0.26024824752463416,0.7382164427959086,0.42546273600584095,1.1326909739180415
-1.0,-0.23062947722157423,-0.5572639230610552,-1.4694124573952163
0.2976313465037723,0.6730016163518455,-0.5883143696037871,1.2078155104473922
0.6238644393048154,-0.37301553931416076,0.3042459446473529,1.0755579259555557
-0.04575765400252374,-0.6482835790364732,-0.11465901756685692,1.0070627081882557
-0.1635211425989911,-0.8208287378179171,0.3691288603023757,1.3708753289162978
0.10337255314990701,-0.7899491689168914,-0.5664456541890754,1.085085092835525
-1.0,-0.10426997258809734,-0.004394178050715292,-3.927511747889437
-1.0,-0.9677724709247915,-0.015393313440199119,6.055839298188449
-0.0381544741557569,-0.7451085733076395,-1.0,-9.075537296710598
-0.19543574611969938,-0.6685582448439671,0.22031215374449964,1.3096562338154158
-0.013117451056846807,-0.7927200684860627,0.5113343073758301,0.22673757389827598
-0.9521062213739968,-0.11914938439045963,-0.9929438020368448,8.105289306219936
1.0,-1.0,-0.07681155237671011,-8.724123264837388
-0.5662628898305258,0.746034114182881,-0.3201264351102797,-1.6150404105877454
1.0,-0.25794934469093533,-0.9794205794970217,6.598516991229959
-0.07560033214855255,-0.38197203242352895,1.0,-0.7658525761886935
0.8428602000583532,0.24481725914087504,-0.718678826798048,2.4894372760324273
1.0,-0.3295290627826246,1.0,7.236561669918871
-1.0,-0.04310257307642984,0.8522921812643596,-0.5943595779058494
-0.8230434029153151,-0.011442835297602372,-0.6048488436950008,-0.40813845684643957
-0.19019145783854885,0.32264113920256543,-0.7339045453900541,-0.1897978177750762
-0.34407998408699725,-0.8352058041805954,0.21485793453055058,2.3408530370791523
0.7334342627986192,1.0,-0.07579783558957764,9.549142486587973
-0.792471274454909,-0.27475530015715766,-0.31861990986841593,0.05823104739280396
0.7029373616029524,0.157939179054702,-1.0,-0.28761983695854787
0.4557847640434787,-1.0,1.0,-6.774463562074545
0.048366449599053896,-0.9281131744715558,0.6619404694092448,0.23767109648247575
1.0,-0.8275363234793851,0.8153213924351927,-0.06916040964824488
0.002862120042651295,-0.5142391222637521,-0.6457723393262722,0.9307332743662021
0.2419264039391429,1.0,-0.8772780342337008,8.997203992694155
0.0003007188256498594,-1.0,-0.6238834051732767,-1.7831383796885103
-0.6860525703095894,-0.12161412022990681,0.9920300398849904,2.326346257944048
1.0,1.0,0.09456674530114006,13.062377745863191
-0.5006707253957989,-0.2845873025995178,0.6138087994620565,0.34782826499420727
0.4483656069962363,-0.012721604784105223,0.6227203043219158,1.4829072021143097
0.46959289994908926,-1.0,0.8890624161556326,-4.6782619237520215
-0.46629137088948536,0.842110989482667,1.0,10.62559178622221
-1.0,0.9519574730323739,0.8428504679620554,4.1464192121493
-0.7362749010987968,-0.17549405863313883,1.0,2.895605609028999
0.7060318628539055,-1.0,0.11710947052377296,-1.34000204734389
-1.0,0.8574258213626851,0.5449602672316134,-2.4986759263282075
0.058286425026562894,-0.6665858372955449,-1.0,-7.8709371934570544
-0.7324534292978786,-0.09749401065324292,-1.0,2.5775790835696286
-0.303267286918953,-0.028670396160145994,0.3611193669577262,-0.8149352246994154
-0.387418533205633,0.9140987503370475,0.2899705181567147,2.4613459134102675
-0.4182065380449367,-0.2934613784326243,1.0,0.47409650568910305
-1.0,-0.23511989493605334,-0.2767496156308631,-3.6801136052203978
1.0,-0.5341982098482236,-1.0,0.7871446905674377
-0.29231334289566924,-0.04632523259620647,0.2594067794940751,-0.10043172652442284
-0.3230689456872593,-0.1885153007477256,-0.24955704440919968,0.18123546566054677
0.6432785262295648,-0.2213458163076345,-0.5810360093288176,1.9591942772526347
0.9289858550234031,1.0,0.5307559162802877,11.193515864752413
-0.1754732871832625,1.0,-1.0,2.5491439012413655
-0.7458113583079933,0.9564710395269185,-0.06509109354852738,2.6767685135795705
0.2337118578686721,0.7736646708218569,0.832682553293024,4.141071025350522
1.0,-0.23984521980500495,0.7839859789090442,7.242049034812968
0.5132236175699281,0.8611515788686581,-1.0,-0.4333285187377449
0.9673679104767812,-0.05186070684534094,-0.632606391435522,5.490662253684234
-0.051611098100448505,0.9427953572438228,-0.9662116789266166,0.5508062916566598
-0.14757972108335937,-1.0,-0.017689470343038805,2.157023320303469
0.48727436959800374,-1.0,0.5421480308977147,-0.5554206382804884
-1.0,-0.29027938990018365,0.43791825685335595,-2.549523843522061
-0.8455440124710576,-0.10249819590435871,-0.3141590026802008,-0.6441997019351422
-1.0,0.3480735509126376,-0.581199764543467,0.1697055494913185
-0.12872590565319286,1.0,0.3832963063370205,7.369164689024066
-0.5913271148192589,0.20692063933236216,0.9325128362143038,0.8086972973241393
-1.0,-0.04719539653515059,-0.6397688307121274,-0.801629685272407
-0.06998153734770596,0.11367858885046855,-0.8207071482447181,-0.19016778791618838
-0.820035365724447,-0.15562250414553147,0.2973647723710504,-2.053752019612006
-1.0,-0.8913396049481495,-0.4520747887389376,3.846782527939747
0.7793732590466262,-1.0,-1.0,-27.401544277410885
-0.21362152192008255,-0.13511275073825368,-0.70199302643807,0.5883247944625892
0.12616639144806308,0.264354721319616,1.0,1.91815969997884
1.0,0.4658107047118907,-0.9902744493090734,12.611635337066984
0.9912887869723941,-0.3954175760323855,-1.0,3.8451791956987678
-0.19127000190534682,-0.6994241744428797,-1.0,-6.6718799687157535
-1.0,0.10589189709349878,-0.36351069733572117,-2.8413268928688717
0.8036625276469822,-1.0,0.3604590484914323,-2.472321286053499
-0.10728615377116624,-0.6294629151979887,1.0,-1.2966327305762055
-1.0,-0.7107223745877971,-0.5524959442480599,1.018197125118865
-0.056817464266017526,-1.0,0.7359096800287457,-1.3069933754225445
-0.942450662210945,-0.05898234336345887,-0.9260502100111598,5.414475577429146
-0.049821553953886655,0.38019234735890195,-0.5590294314883701,-0.9502023660843859
-0.4464336100754087,-0.11631689225720154,0.8379754380506834,0.9214803340744255
0.4545112672588909,-0.6160472938778372,-0.38176483414931095,0.8250333704717651
0.4052546552721672,-0.6953054342621019,-1.0,-9.330374910931532
-1.0,-0.0654287230770374,-1.0,10.438863626753294
-0.7126577067070272,1.0,-1.0,1.640535383901954
1.0,0.5879594879734622,1.0,24.207339349581083
0.5434531472125699,0.21418963288797688,1.0,1.5793266035193765
-0.5013041865543675,0.025799894143106794,0.31914793221847937,-0.8310888830178612
-0.1706475471063067,1.0,-0.11832752712564987,7.6393050340898725
0.7999881559935251,0.4903161783154466,-1.0,1.5843021709761793
-0.8009409643445522,-1.0,-0.24746076685958895,5.79591405949194
-0.8507128287740966,-0.15426431576271593,-0.4722400179474542,-0.43985025916256426
0.0693813707769586,-0.6332038127108883,-0.38803313189724387,1.2975196086206773
-0.1945335053965489,0.6688881631013255,-0.6592270775184483,-1.0608017062338515
-0.7975015586384626,0.8203309077994809,0.2236625225731479,-1.0387276792313165
-0.9455707848498551,-1.0,0.011672485233270802,7.716016281545
-1.0,-0.7168050042033838,1.0,14.459218783925964
-1.0,0.8634048602462217,-1.0,20.19166800130793
-0.05720585688564528,0.28102879603156894,-1.0,-3.08696463772614
-0.020349878065552218,1.0,1.0,12.919170179052674
-1.0,-0.9942094064130336,-0.45559040992444344,4.722486756677635
0.5443371695212507,1.0,1.0,9.518715233084226
-0.5139005398443177,0.1683051044240329,-0.20048643497227459,-0.7824709754176266
-0.3142279088486888,1.0,0.16065887294332093,6.771978240811714
1.0,0.09557982860713854,0.5105706268547237,7.1677122504343505
0.804104996211491,-1.0,0.6379486641257399,-2.943883083804702
-1.0,1.0,0.31048702752530377,3.9460187510612728
1.0,0.5113481839429015,-0.32549799323827755,5.89391441782022
0.7220946269300077,1.0,0.6046220164973859,8.550053219809604
-0.4216133143831482,0.37860352891656346,1.0,3.434416515348296
1.0,0.8351639484192077,-0.8105839133052934,15.122679355390561
-1.0,-0.44650760384812305,-1.0,6.9609504707371785
1.0,0.5682349233668476,-0.6901355271022385,8.010944604882397
0.048400657147135595,0.11972883859352446,0.5735436306412611,-0.5209523154487248
-0.7145010641261746,0.04034693910524312,0.3373706378708252,-1.9943426004411267
-1.0,-0.3055300924216202,-0.3550128873143221,-2.841424733330593
0.7943707061580707,0.9737128479586867,-0.08609198599872037,8.110743941556633
-0.1169495762836894,-0.9825860744051012,-0.1863936898564491,2.355958506657671
0.7844353589395723,0.8565006568899796,0.0841469927595897,4.447397408152315
-0.14189890686818507,-0.5395525856750445,-1.0,-5.9874869835319515
0.45351679209318285,-0.2177093879969383,-0.05668083564727855,1.1031781051130742
1.0,-1.0,0.03988044248321443,-8.801274862495093
-0.22764405786659392,0.12027302974693344,0.0067514809332838155,0.0350448590985951
1.0,-0.9388072668092398,-1.0,-20.168733279523703
-0.4667095608604057,-0.1477308720357149,0.5875171110919124,0.05573061774503396
-0.22429587678034446,0.027713386281131847,-0.1626988316644098,-0.08025775308376681
-0.11096465866183114,-0.9233745744119564,0.7428339741914032,-0.4235001080049063
0.7104644568628589,-1.0,0.09229077146048192,-2.3140614650005733
-0.5551159108822141,0.2909086494486086,-0.14038777193257368,-1.3762330809791403
1.0,-0.7198076121976706,-0.13061186387090618,1.830572526346505
0.7099379668157126,1.0,0.47420393880249434,8.161472771957145
0.2653431389943228,1.0,-0.4006855899402162,9.950670647859852
0.011601149565354962,-0.15514029114730765,0.8600467354059533,-0.15830420103599788
-1.0,0.548588133193677,-1.0,17.516101472717423
0.8237044397458693,-0.16147537394103506,1.0,2.404553766514448
-0.5971424733545383,-0.5858179596393924,-0.1824811466474352,1.878659762168362
1.0,1.0,0.44622031084031044,13.84225258033983
0.4077445532733812,-0.5341551961075925,0.8206900347045656,-0.2621237014941043
1.0,0.23031696314394523,0.3267912456819104,7.1857500432676344
-0.8563227486942533,-1.0,-0.26331121187373685,6.414161122243611
0.09175636808542853,0.20874226939395957,0.36314083247728823,0.07040617165136565
0.9949120554683055,-0.5761115607757445,-1.0,0.4257858599663704
-0.8503229295867936,0.25173867510933823,-0.19530453484656873,-2.7624871809381983
-0.03844545372188857,-0.5653347566572324,-0.12576200629995649,1.5228730378838777
-0.7776988853833307,-1.0,0.061489322127905144,6.467465146063116
0.829752209804318,1.0,-0.2629920590848587,11.275940567345758
0.064980911879984,0.6700067013616273,-1.0,-3.5802104931229017
-0.2896080775432044,-1.0,0.5730633156810698,0.6880090060196951
0.20590250707192026,-0.7898916645297287,-0.9733941688574197,-9.402238022336551
1.0,-1.0,-0.751404335015007,-16.579181062576783
0.3040349041411128,-0.8631042353963692,0.34633757297626433,0.7632153548177971
0.49351227805156817,-0.38632546710119664,-1.0,-5.705974427241773
-1.0,-0.8105019422342883,-1.0,4.434266566323814
-1.0,-0.3821192137194034,0.867685237629185,2.980083024509774
1.0,-1.0,0.44681541737608654,-7.142291483548946
-0.009903399673328428,-0.09723797593304173,0.19569696195318498,0.8390519668451913
-0.15058788719201077,-0.966603241169457,-0.06957913302831176,2.848284860581779
-0.5240311408715288,-1.0,0.10988559660082609,5.003287382897139
-0.6151426267993516,0.897928055027784,0.26708080320116334,0.7156461218857773
-0.33628283963837635,0.9575779532366593,0.3794441168178593,5.211676419577616
1.0,0.9955680922297625,1.0,26.04893657704101
-0.8444269064767951,0.3608074355190669,0.39357386398888283,-3.1298327598573255
0.334504868405612,-0.5896004463578091,-0.2863549482770791,0.8391527541697673
-0.0888355010943147,0.8833098155476597,0.34716984819893026,2.831103793896277
0.07233127838969944,-1.0,-1.0,-17.94709935469604
-0.4643873443166304,-0.12568322689731182,-0.75617655773467,0.562170335351398
0.3747296818228083,0.10341274969505676,1.0,0.3261648256059892
-1.0,0.5008656268217233,-1.0,18.46118602064003
0.1877068713736063,-1.0,0.18495876546324808,2.259319230012718
-0.826487631418372,-0.33686008229116715,0.13175873851605546,-0.4386576387950938
0.1639862134571497,-1.0,-0.04356360418589644,1.8118908156406355
-0.5677547771895253,-1.0,-0.7346495289520436,-2.4972094132242466
-0.4539634438289042,-1.0,-0.8243675804751032,-5.488811200397614
-0.7209812396365858,1.0,-0.1741073250856342,4.954668304780378
-0.25019545599742354,-0.8487974016933619,-0.7617817622455028,-1.9418292718235677
0.14609304688306857,-1.0,-0.5992725142868518,-2.2533878434792265
-1.0,-1.0,-0.08301518365079508,7.675539953319348
0.37294353772489597,-1.0,-0.9372024178398481,-15.588914842616859
0.9207070438179856,0.23009166618279941,-0.4763544398812529,2.9120522507750137
0.4340160561644193,0.4737868074945919,-1.0,-2.6844368824161973
0.4606929469260115,-0.5763992947039478,1.0,-3.991651098581326
0.6997580951846598,0.4451168159413854,-0.1887903093059402,1.5269456888652855
0.23032207276919014,-0.4560183691725106,-0.07511031000033719,1.1534055719577843
0.21291278510474565,-0.0911401686759965,-0.1506885292886937,1.165844504685071
-0.020664174588193474,-0.502425697719991,0.7086978452530872,-0.6503419581220915
-0.26213880617513374,0.35265805021189167,-1.0,-3.128977951354852
-0.0003590266583661794,0.55728690455663,-0.20690275910459532,0.30465261036102126
0.10248240068563375,0.9211560367929468,-0.006245408972173738,5.598008922151494
0.6939459520728133,-0.014983477799168643,-0.030734679371384077,1.2214899737026672
-0.8677610544862266,1.0,-1.0,7.28133673407375
-0.5522518815745163,-0.6802310899865882,-0.6952326685308128,1.3072753371679595
1.0,0.7198130779346399,0.7688725218071761,16.70921287103169
-0.34655620189099134,-0.1768710264369473,-0.4442565241993439,0.5611336267596345
-0.29775128360963743,0.7723894777766729,0.9598200850195606,6.620340205626178
-0.5445992897293941,-1.0,0.3193795934421244,3.0933266326676767
-1.0,-0.3410744188552344,0.8971978895755957,2.3567361692400235
-0.03459437662591758,0.020986201437876773,0.006053900849658733,0.3997700572211926
1.0,1.0,0.4679046630758632,13.328562517794996
0.6447908330226555,-0.3045331310310744,1.0,-1.7609446376847189
0.06921903650498673,-0.15281421988914312,-0.7066530449670909,-0.0802365208413337
1.0,-0.054709596146983897,-0.41332693485529814,5.3957482932527245
0.028680513191452706,0.26314920692579347,-0.08986971005751387,0.7360786060380464
0.509712009388968,0.7074941104021459,1.0,6.4518287911829955
0.31749374739630887,-0.1762258475427727,-0.9637241266272292,-2.4673303501576225
-0.2996657553707469,1.0,-0.4077505766500762,7.6031259153218524
-0.5228573780476993,-0.09344755788391046,0.5943283213246568,-0.29054035154755475
-0.9002654253943401,0.15905800765586586,1.0,3.561121361908243
-1.0,-1.0,-0.5737160772385195,4.415360018052202
-1.0,-0.19906538282532726,0.18934856029173375,-3.034178476463616
1.0,1.0,-0.909355221252717,34.650780914650596
0.6059119487621694,0.3213262645127235,1.0,3.3052458057866567
1.0,-0.4558807731754002,0.24711238186568463,4.528319832673465
0.8384219513043678,-0.22259742189938336,-0.711526266917994,2.396392102284763
0.3027063046781546,1.0,1.0,10.758168954833705
-0.6271574399310593,-0.5543863184032198,0.11310056474405528,1.0630376702330553
-1.0,-0.07992779808914285,-0.381009374012778,-2.6044294480687573
-0.19222458799049735,-0.01056527189480061,0.9826091880881909,0.729690095872947
0.5907224627387131,0.08404725355214815,-1.0,-2.5784228359732992
1.0,-1.0,0.1478066475926969,-8.475302884839095
-0.15178330178106259,-0.30363386823138394,-0.5476519420388051,0.8976502875458716
-0.016322480395842165,-0.1591563160395686,-0.12227465242032065,0.9386518914575622
0.2041658304074947,0.2770005957635775,0.08660942426079243,-0.041255810831052675
-1.0,0.9024593089880866,1.0,13.764808852320655
1.0,-1.0,-1.0,-30.07284272661122
-0.07111788528596308,-1.0,-1.0,-16.57553964526657
-0.3138811807930766,1.0,-0.2158277409482523,7.161447864582215
-0.6967230663570976,0.9682335257273749,-0.2271901013214126,3.3809748048479746
-0.11118903268941627,-0.379891330734071,-0.4153915253868463,0.8404184928429604
1.0,1.0,1.0,25.890508629569783
-0.5942786856148683,0.293713706663957,0.39383322199147686,-1.7410441790687972
-0.02014302405742363,1.0,-0.32722707786920613,8.869960297367614
-0.12528067758505412,0.6038387529355387,-0.0346305796820916,-0.21696080233762316
0.14965351557124618,-1.0,-0.8841230322217097,-11.773834196723213
-1.0,-0.0164604072907637,-0.17592487751789743,-3.9418795085896448
0.43986969532369047,-0.14281322770009597,0.16178331264142098,1.5366762759456112
1.0,-0.19600568789893158,1.0,9.2957503532518
0.6150385782461711,1.0,1.0,10.75188139019687
0.45613374997610867,-0.007874441384581488,-1.0,-2.910690921009351
-1.0,1.0,1.0,16.675719126052645
-0.2611185363912285,-0.5562164662932858,0.17442044136814383,0.8017152399892976
0.26618658932324557,-0.9016833526891301,1.0,-4.323963902202235
1.0,0.8061086022035113,0.018600609136334212,9.18234788513311
1.0,0.8961963943944233,0.06689252749987018,10.75440158020853
-0.22325349655641302,-1.0,-0.1745444492340329,2.732719026051911
-0.3258515169174805,0.1512587125808329,0.8432576365109854,0.23946954764155498
0.7714199848450918,-0.7640468739195772,0.08115207742889274,-0.5022266225244623
-1.0,0.1450672981523229,0.807788913614103,-2.2189351360820915
-0.6523226776418749,-0.9538631634885442,1.0,1.1550545215666923
-0.6036668019464677,0.33982975873596,-0.6476936887895284,-2.2209353911805847
1.0,-1.0,1.0,-8.907198381745323
-0.5776556973385751,-0.04011204334516005,0.19749542589187463,-0.9821483991969215
-1.0,-0.28562643394139586,0.2888701698875671,-2.988552889284947
0.22793418575530433,-0.3363553626491953,0.5251567514805133,1.0963831470487233
0.6795200671952897,1.0,0.5554498616040737,6.897623222847541
-1.0,-0.6359152756074669,0.04084258134952079,0.6453710817570054
0.07093328217382422,0.7878591635178551,0.8157812719475652,4.792768835213424
-0.2379258106113975,0.17301373210990256,-0.7083527871365729,-0.7023007837618989
-0.6837248094536601,0.7114627978144654,-0.30681657809323504,-2.695118797926667
-1.0,0.5510811603407648,-0.4956042132394749,1.965121884481809
-0.20118905390520325,1.0,-1.0,2.03469834246764
0.5001438682129746,0.9712976743975139,0.14784116540832626,6.41103036298059
0.5400562012124279,0.300761683467641,0.5181332536534045,1.9437078999253279
-0.6435963049500133,0.635492975300741,-1.0,-1.8131681802880952
0.4471635284093445,-0.840463018977347,0.8781888429409956,-2.178939253094821
-0.37953521126147494,0.17761436808718645,1.0,2.295634966306433
-0.5680768675812466,-0.2229532994559078,-1.0,-0.28332350870137785
-1.0,-0.7272982781194659,-0.8588390539206618,2.4066103082321204
-1.0,0.04032706565953714,0.3233277653081523,-5.5418250760006975
-1.0,0.024633876624006845,-0.21685964535187208,-3.3763404717490526
0.834666260653254,0.8969492608889804,-0.9589772265494187,11.231667839418678
1.0,-0.7166015265151049,0.7881316259434912,2.935444510124588
0.1897544576228174,0.9868381437672631,-0.8868985105818854,7.199112832111817
-0.17781982214804137,1.0,-1.0,2.9313711829008273
-1.0,-0.2492158648823326,0.028607828970253157,-2.7906993487920446
-1.0,0.6099970780599557,-0.6896554043631589,5.351456311415166
0.2798553248736746,0.1764568567460929,0.10357164500090899,1.7435688835269376
-0.43288534022260516,0.17720883379325825,-1.0,-1.7251627458089878
-1.0,0.3568470283501819,1.0,3.9071519513825828
0.35967689472282593,-0.9944672929295044,-1.0,-19.631986183752687
-0.40736215711839874,-0.12031954490340135,1.0,0.7002923273771167
0.22635042288342677,-1.0,1.0,-7.00538663160316
0.8771498514105829,0.26389516711010375,-0.7387241771188022,4.185017493042226
1.0,1.0,0.4204634431915584,13.896261280952325
-0.5770721306809012,0.34950841687239076,-1.0,-0.9269751944129475
1.0,0.9064676844489403,-0.3851257852353409,11.953120545799246
0.837414235186154,-0.31415949192087966,0.3565502191036525,3.403868009238805
-0.9474156483989877,0.011589218928233613,-1.0,8.971576213833723
-1.0,0.6091952274559915,-0.050035157862199586,-1.8371369232711703
-0.9653850796892998,0.03335817031472543,0.7202097105463401,-2.480124632125504
-0.6962152864362261,-0.391269675716273,-0.11861731775588114,1.4236197720797954
0.16758626492103135,-0.2896703546753776,0.6354586135543601,0.3950241500962044
1.0,-0.3716281009822595,0.006562046827526036,4.077937424385312
-0.6279501569454988,-0.09990314227705399,-0.469910908406046,0.42598388028994366
0.5740330916376148,1.0,0.9979335203548543,9.494202881821137
1.0,0.5202136782481019,-0.24845153121095476,4.946850495552204
1.0,-0.0893610270631151,0.08754377346407982,4.340106436228101
0.11080032372273685,-0.5075381696380925,0.6268351198992546,-0.34847747892486375
0.049404291863358596,0.5439455367608366,-0.9421980552452685,-2.288697697626417
0.6296524287130627,-0.16385598062749906,-0.5699197763741033,0.9975783821612907
0.5794626594919414,-0.09221608946769044,0.35496442297734054,2.164041187239253
-0.08920943634909761,-1.0,-0.14904072650851563,2.9276758719830593
1.0,0.24237369525196106,1.0,17.44678661871874
0.7076554248392186,-0.011810014185169582,0.27203590132642197,2.3882112330009853
-0.5967033629728009,-0.5252971965020452,-0.9047269400262237,-0.06064357351712607
-0.6188984091591001,0.2602121763158638,-0.2549825327363622,-1.846461283838874
-0.763535408221031,0.434736080381819,1.0,3.2358733366957466
-1.0,0.530127898929259,1.0,6.172021546072941
-0.26808405492625687,1.0,1.0,14.452091392916081
-0.027779117682389387,0.273714362914278,-1.0,-2.8843854535974733
1.0,-1.0,-1.0,-29.862294172409246
-1.0,0.07792061721599919,-0.04373048088081277,-4.638490187582913
0.45674018745738065,-0.4199827793638857,-0.8111430717254127,0.797587809672421
1.0,0.25503418824686186,-0.4211879283479707,4.636819134175701
-0.3054591456468472,1.0,1.0,14.09519814993169
0.745964896178881,-0.16477410037478113,-0.7693319074655953,2.2043440073229243
0.5324133559355264,0.03940669132982788,-0.37123222876381257,1.6849457009074509
1.0,0.001627363755252187,-0.07022259241058437,4.79628897475767
1.0,-0.19411794498683954,0.6227016005127561,6.917379313838115
0.32920539608472965,-1.0,1.0,-7.561231455660987
0.14496715846620845,-0.25360941251229474,0.7020763537412205,0.08940914554556512
0.6518021719941509,0.5096077454324008,1.0,5.871610434547018
1.0,-0.633545056954316,-0.24180569957055775,2.8021457415809956
0.2777403738879629,-0.51270643145816,0.4969847415903925,1.087157252123863
1.0,1.0,0.6309883376494825,14.383257041787004
-0.3601970208059957,-0.6438110850701961,0.6936085437708994,0.13684666366025533
-1.0,-1.0,-0.9574245334068605,2.751719146674762
-0.7729826276490432,1.0,-0.033063268874668816,5.2938338651290096
-0.6234382948531072,-1.0,-0.3721201738869251,3.8276275177518797
-0.39091718312417045,0.9695090763582763,-0.9560745189111357,0.46145498374342564
1.0,0.8201963506746937,-0.14812906502418666,9.041171590645435
0.22719497898007712,0.19708792176058476,0.13621130888002253,0.8222872972428129
-1.0,-0.1773543990084423,1.0,4.761553313335399
0.501456393379073,-1.0,-1.0,-21.894409415863265
0.3082373902458637,1.0,-1.0,5.814840977281793
1.0,-0.0569643121722736,-0.5196624890979125,4.872428420823502
1.0,-0.16716555349779205,-0.7368056233805156,6.311820738114698
1.0,-0.9413288916698239,0.5117174436267344,-3.8043956549579674
0.7684263912282923,-0.02880675504555885,-0.8827867506055525,1.9877962789327048
0.8746249046720951,1.0,0.05674087358309032,10.114621287647964
-0.11619690252376236,-0.8955352698336079,-0.5113296206864635,0.6040931865724865
0.4004413715508379,-0.15486623370914354,-0.7415966304145818,1.200285739457745
-0.5637234452638187,0.8643004372521952,-1.0,-3.135064812738973
0.15422472497749395,-1.0,0.7983637895692561,-1.635694593636622
-0.21506634925924217,0.8083066857342669,0.550051292579377,2.834851048812449
-0.4289311687612616,1.0,-0.038126116807659205,6.004436112914227
-0.39760499191620435,0.22689064473938747,-0.7383195091691714,-0.05856553861429026
1.0,0.5689562658546217,-0.8199835038798642,8.527230092481503
-1.0,-0.1386770091056957,-0.1532166293017001,-4.01762239807277
1.0,1.0,0.2473742578474727,13.726656326060445
-0.9858758350894543,0.8366865371478536,-0.026089375642457835,1.4746339111010351
1.0,1.0,-0.1948655540407318,16.989305245293593
-0.008486460059736078,0.7802429595376361,-1.0,-3.6255442635392288
0.8198464726686432,-0.3899656424278988,-1.0,-2.968514646898233
-0.8097442463376485,0.45981313342452457,0.4682948955784998,-3.492867629689475
0.4508445370378267,-0.9472874037335695,-0.8919661245272312,-10.580007886552721
-0.5263557666791634,-0.30651104784824423,0.4098146142148167,0.2142988200427943
-1.0,0.023008286784429233,-0.15430569145729645,-4.19348394355286
0.7844135819501863,0.439111805302971,1.0,8.462377539734824
0.7216479892828995,-0.49003493471692483,0.6945489633186703,1.5536286460584257
-0.02714976107912448,0.3674239885776467,-1.0,-3.1458039879006803
0.09323132722540728,-0.5879936227534837,-1.0,-6.963680808999035
-0.27367076126905054,-0.463072612932933,1.0,-0.37924685324434004
0.3804778771054478,-1.0,-0.37236537418680093,-0.6290957456964354
0.5186871135617359,-0.2667477262444127,1.0,-1.9484843714271844
0.0010342020399396468,0.983970175444886,-0.8698048811467696,7.341224429175212
-1.0,0.6383845566029258,-0.2730322178690099,-0.01539788480340587
1.0,0.11685784395543264,-1.0,9.757524119435715
0.12535494206948972,-0.2529024157424138,-0.06167607317550594,1.3365410293743247
0.7259860957523743,-0.6743640263525326,-1.0,-9.864629255872671
0.6579617176279138,0.5777245093686272,1.0,5.588254966703245
1.0,-0.7799260789611908,-1.0,-6.087480476349906
-0.053710844624266674,-0.8299342845037625,1.0,-3.144031097194866
-0.8194339941057271,-0.9856365447226081,-0.6555339576183332,1.4680277865841467
0.44953971782636626,0.4201736032498147,-0.021748971139582185,1.4583189314616214
0.017247458852029274,0.20965205160932854,-0.5361683926696663,-0.17329884125557538
-0.2918988619777787,-0.12353267392291567,0.30197087941334266,-0.2662299134597042
-1.0,0.35207641657939037,-0.07382275368963653,-3.0917116372268
-0.25656019279648334,-1.0,0.22689966278475615,2.5829906311765365
0.6629219951560938,-1.0,-0.6031873833694341,-6.4071837683475685
1.0,1.0,-0.5614438411574545,21.628730732820777
-1.0,0.7889109492460515,-1.0,19.005368566479433
0.5017603338602148,0.472101459152265,0.34247290944956177,1.9366998339234587
-0.10320155936712716,0.4677598202289108,1.0,3.0430413912891807
-1.0,-0.6787059265586175,-0.3612472220425389,0.8292626819432726
0.18571004742997577,0.43607159031010356,-1.0,-2.951407613156962
0.9185086905573538,-0.12498055229500227,1.0,5.825843682653785
-0.5038384814175043,-0.359584070410794,0.5567503491746146,1.0292934813166719
1.0,-1.0,0.6319414541496677,-6.196657707239451
-0.9003093185307045,0.009259714057147983,0.24039591036304664,-2.810902899968959
0.03067263690709998,1.0,1.0,12.380105139069029
-0.9194381910036447,0.1309969245640905,0.2724863133190787,-3.5489707497953726
0.43613186239827906,0.25043617136835716,1.0,0.9460279681245152
0.7239614736318778,-0.0007628918068443014,-0.10550180767044459,0.8201086139234006
-0.13583023303135788,-0.9330932076483125,0.8902587589580999,-2.273636606380964
1.0,-1.0,-0.4540533605692094,-10.499844164233808
-1.0,-1.0,-0.444558619258844,4.723293804072668
0.5416939499776992,-0.2692476620743396,1.0,-1.3334405851578548
-0.2342359464792343,-0.5462579851462139,-0.008233216480665773,1.1935501181916444
0.2933563741136149,0.43075661054630654,0.3791103353198546,1.4896588984383057
-0.994638320304871,-0.6433798204761532,-0.7574574995413226,1.8590436472368574
1.0,0.31661524585766854,-0.9994376820511337,10.896708249017685
-0.0567244187356335,-1.0,0.1310359914246202,2.446802249007613
-0.3171924136847082,-0.855630601768111,1.0,-0.7544714948153046
-0.567620711123995,0.14546316230754908,0.6757059569534498,0.36336726402797304
-1.0,-0.1421128798246607,-1.0,8.731156289598347
0.03074247874899516,-0.27590972211093323,0.6461787543730109,0.6248747976695385
0.1012699914493238,-0.7404150180629523,1.0,-2.791223635171412
-0.9472468073471774,0.25298519097937633,-0.7636901560577709,1.632992481814138
-0.6896832193517959,-1.0,0.17918228261429858,5.457846161330756
0.3210020079164162,0.6933128638588306,-0.3777809046557645,1.478450122172499
0.4520015243794291,0.8608922515339088,-0.7276363442650722,4.270134047990563
1.0,-0.02198257700228967,0.3992352139686617,5.944518396637496
-1.0,1.0,-0.6500450091759447,12.77238826720747
0.5677516996867136,-0.13876701405260627,-0.23031202409128282,2.0511679912545366
0.390665802508382,0.06759631946204991,0.6569215680790359,0.028657956904430626
0.8273451598993482,-0.5009219422816777,0.3810515797358849,0.7261453345740769
-0.6123435649375153,1.0,-0.19420519969057803,5.236937335798223
1.0,0.4977688676078398,0.5587615910841561,10.604273046858408
-1.0,-0.06938894209674595,-0.604424620799682,-1.7063248577687609
0.4014077396241511,-0.9118612775812278,-0.4082586322407755,0.47893905399096404
-1.0,-0.6193728578259505,1.0,11.763793429163584
-0.3853837950177701,1.0,-0.1572311734461822,6.171562236728735
0.5209170285305815,0.9710502031541115,-0.30439006581980155,8.611212668005178
0.9250893331344596,-0.31111488902940465,-1.0,0.795055646279858
1.0,0.3064364020378827,-0.16798616497211993,5.061990668735319
-0.6378470838138488,0.5749977799784578,-1.0,-2.2738789998078754
-0.3948616636319777,0.6410674786286596,1.0,6.433228181854566
-0.27275835127354253,-1.0,-0.39831336585810884,2.393621869041187
0.1933408422195242,0.14738606728387027,0.6449075495149237,0.231295263366166
0.5283006084540363,0.8132358054231883,-0.8124707399913229,3.311624343184236
0.05496015462069681,0.7552936744222483,-0.2284345954014928,1.114803217402704
1.0,0.0617098073574196,0.13175134350016537,5.32210055009387
-0.18441609281200155,1.0,-0.26345307692173203,8.743222892349738
0.7159093087771178,0.7322051449653337,0.4757129321863707,4.244291003047431
-0.20558906793137188,-0.6851182663937996,0.881867177930511,-0.8665455174445993
0.516625629911968,1.0,0.6092062662752336,6.8288312272411815
0.4393939428419651,1.0,-1.0,6.8756210287372745
0.8893426241750066,0.032025190980415674,1.0,7.869545777430204
0.8535386583434941,1.0,-0.15150413635639204,11.156451382309548
0.5510443256603668,-1.0,-0.156210219189443,-0.8684755035785674
-0.8115423836759887,-0.5769953176012377,-0.6489047263617354,2.7039191908697737
-0.3193398492085875,-0.640590322036221,0.8597819083188389,0.06261095547579881
-1.0,-0.4216506169802454,0.2607359493157,-1.9187171180684464
0.22693681693269552,-0.8153183927311687,1.0,-4.508082410692628
-0.6415614255282018,-0.6489901003406626,-0.4901225933733704,1.1967706497389
0.3161229487089696,0.1255947971082465,0.2554255220428707,1.0494566619694978
0.468043959418045,-0.0028020488853455205,0.2369426692802179,1.151141315584107
0.014608598327971567,1.0,0.04700433053391562,7.585236028140865
-0.29379145802401996,0.29456179329197196,0.7742356983101,-0.3711739109504765
-0.5476057658160267,-0.4290888760734515,-1.0,-1.0064276857293286
-0.12969812191044117,0.014723715097278545,-0.6168274271221028,-1.1163499941728086
-0.8876136324258694,-1.0,-0.1636627338876424,6.798152040085357
1.0,-1.0,-1.0,-29.728300245114855
-0.6149158485884303,0.09759282402252456,1.0,1.523230071208566
0.6894249107517911,0.5590721552531437,-0.11628646247343277,2.5847233921278314
0.20624716987551883,1.0,0.43185969120845935,7.241606602336718
0.16468539240144153,-0.05152330004397898,0.8254584147854689,0.2461144204658456
0.7616990166025144,-1.0,-0.416029553564927,-4.986466483158575
1.0,-0.35769733291169725,-0.7024563952311966,5.433985281854246
-1.0,0.2304654114035143,-1.0,14.60002189762296
0.1363251836655648,0.45887705905520226,0.3987204822887027,0.6740792875081895
0.49166759485097855,0.35223163725741324,-0.5330134691501678,1.3390305554955857
-0.8457765261839123,0.758954636656088,-0.5372027803254036,0.1551627662543984
0.5360582150184636,-0.40627936347329285,0.7073163779309453,0.48630013300223773
0.803281710159834,-0.7464476509259401,-0.879580404570554,-3.076190771372208
0.5990237455830654,-0.3397434075824928,1.0,-2.5727974526394863
0.6346400157183663,0.7972097826713991,1.0,9.0308339119991
0.1526140875592279,-0.04361450278816581,-0.49708326409540105,1.652846906068449
0.1719040976328885,1.0,0.42788034336538905,7.144873494572711
-1.0,0.1188534350602648,-0.33916705787283896,-3.004354756611413
1.0,-0.45575670024732706,0.46263194619928294,4.7457835499208105
-0.27637707403571876,0.10577935325399057,-0.4800046549414232,0.728818373032125
-0.3328970010132992,-1.0,-0.4396331324038192,1.050684822836164
-0.015454686665871797,-0.5295191446393281,0.034132276188854505,0.5093204845110589
-1.0,0.44750576890802884,-0.28708280065326663,-1.385272760551642
-0.22903157252754092,-0.2884087275596614,-1.0,-3.661605587082971
-0.935307334484452,0.8199511714138397,-0.4171885663388377,2.6362825908007426
-0.2585561590453258,-1.0,-0.8505233563711354,-8.580950778938211
0.893323242449956,-1.0,-0.6723985924757141,-11.454139928417531
-0.07236317067233844,-0.035486547044152106,-1.0,-4.065098412287117
-1.0,-0.15948119280057482,0.14510031622635866,-3.5011109678481502
-0.4160641889226213,-1.0,-0.6815491781318153,-2.0430328891732765
-0.130803681362748,0.23252587319263385,-1.0,-2.8832597238876625
-0.4455188131340806,1.0,0.9425734138551081,13.15237923852512
1.0,0.0693567925274099,0.17422184816654585,5.294915511397801
1.0,-1.0,-0.2729517840506228,-9.941338210941574
-0.7498898768916302,-0.5882560546227504,1.0,4.1322087361583275
1.0,-0.8634932383976093,-0.605005486646869,-1.0488238629945972
-0.37981064345582194,0.4411902829800143,0.6495640468593784,0.07092401517055169
-0.015907487443681756,1.0,0.8470222967873098,10.850163313098122
0.4895659765267337,0.036326185793418286,-0.5787546695046868,1.9620533681862389
0.6082694237133155,-0.021738333409762278,1.0,0.1708900048666833
0.12881611351872757,-0.41885363007049237,1.0,-1.6020524060552792
-0.6395477236251819,-0.5930646548755378,0.9668837546372111,2.5105888545798485
0.7505863132767512,-0.298657515432446,1.0,-0.5285690505791291
-1.0,1.0,-1.0,21.69465405742943
-0.24690238681025334,1.0,-0.10041534405674546,7.675934120392675
-0.5240063620950328,0.5037220021358517,0.2595746858070813,-2.6597534222437114
-0.2706118644459934,0.7936331749003178,-1.0,-4.111444651408666
-1.0,0.6227476374614207,0.8880443683122872,0.9730820609736327
-0.9208249654086587,-0.11735718819626961,-0.0975775182767542,-3.1300511706125356
-0.7679947338919366,-0.15317392119260087,-1.0,2.839880197433573
0.14311677341823925,0.6691391671187275,-0.07368285467695035,0.5374614580999812
-1.0,-0.01471724689476206,-0.5641624973978006,-1.3293466415521604
0.5307070137790872,1.0,-0.318602267485554,9.550702159048463
0.809180298414331,0.6064421965060383,0.09588774948986778,3.1411714140760205
0.08196034157322929,-0.7154715557978129,-0.5077519796380854,1.6529291549783698
-0.9286502944821207,1.0,-0.14048311096876742,6.8889367880988495
0.31581111879798285,-0.2900595179250476,0.8080180843160079,-0.8662903835304248
-0.8472028097391904,-0.44076562468797587,-0.7664146407535439,1.786786416547735
-1.0,-0.10186386239693435,0.047145730006447284,-4.106187187930669
-0.7070080401208749,-0.20347564486664127,-0.10881226823091117,-0.15826639230316236
0.4591279850211969,0.5290858095771886,-0.5964304755710916,0.8830027949460586
1.0,0.14067654394775064,0.047921497131868884,5.2385871095168195
-0.12922629184340395,1.0,-0.6980784053993667,8.521667145225674
1.0,-1.0,1.0,-8.86353371968142
0.1406619694864879,1.0,1.0,11.087096062736679
-0.39543616437746176,-1.0,0.06451884451099255,3.555522092673745
0.659397442934629,0.9288132181042712,-0.0672543885005712,5.001254959762896
-1.0,-0.303045614341084,1.0,5.118320068400066
0.2542568701846546,0.4248229418492069,-0.5557612586265117,1.2457282179002869
-0.3299914987060433,-1.0,-1.0,-13.610588894009279
-0.27016725942238495,-0.725409244029376,-0.3490691336647007,1.5610264895023027
0.8740493340047846,0.7285843883009868,-1.0,6.010198902140647
0.7657196440057099,1.0,-0.27273550402209623,11.435036854392987
0.5832354934091051,-0.5651706660605624,-0.26751877485666653,0.5808945553703699
-0.2543937086076784,0.4688907381298377,1.0,3.4128400492493913
-1.0,-0.07871696771387104,0.007196829768349566,-4.946016728732213
1.0,0.10518028146104541,-0.32378351363810287,4.364081065543011
0.444660305621132,1.0,-1.0,5.950025139775297
1.0,-1.0,0.13333662785677824,-8.176064382126263
-0.8973992813466605,-0.3159606284746934,1.0,4.576616913379822
0.5740314267463482,-1.0,0.8133612057520159,-2.4735508294190516
-0.5300447737251675,0.19912895588897395,-0.44142180892272087,-1.0936931278688542
0.4139112303472634,0.045633441961485666,0.6278622584279259,0.7419793054707097
-0.7878172981780427,1.0,0.31616172478849514,3.3186207681445787
-0.11880389745150399,-0.5632386964251228,0.324992764280037,0.19479350307642362
-0.6891730304761405,1.0,0.06963876853330131,4.113163970991933
-0.13668700370144204,-0.4172903829624379,-0.05880753385863291,1.219613759656274
0.19685684973553097,1.0,0.257700680991938,7.873166543699555
0.42938139211633075,0.04393649207419914,-0.7672882371304841,0.5595551564319448
-1.0,-0.47364388389879153,0.6364606751854134,1.6661065326536721
-0.40595217795621186,1.0,0.3221302024959305,6.540018915902216
0.9337289366341406,1.0,-1.0,29.46212933745771
-1.0,0.8398897749493397,-0.3927607828503108,4.61644273760065
1.0,-0.6052221483902187,0.7761189137023274,4.655791840909082
-0.372198723909255,-1.0,0.4931012086470161,2.1001813310746624
-0.6523166150726836,0.3776365879567287,0.0030868578357270415,-1.6917932365608763
0.8435866690173845,-0.985469960830607,-1.0,-25.623431371784747
-0.3508074850702023,-0.3989176892162021,1.0,0.012932125075299672
0.759129449882779,-0.35603305537081886,0.42391223689049484,2.397688030113775
1.0,0.1454399893388203,-1.0,9.440421185062235
1.0,1.0,-0.8044846804417423,29.641784649524066
-1.0,0.46995323582981463,-1.0,16.772737513033697
-0.020641724895015034,0.023886779379792555,-0.4359611557640741,0.2859148788945116
-0.3215584481747391,1.0,0.11801808386638468,6.2414687468244985
-0.963987610558527,0.48038598529351817,0.4708853546362428,-4.1202140568717684
0.22421686134606889,0.7835932294844479,0.31331340396788154,1.9333030496466077
0.46146370800380154,-0.14672489422831458,0.07046029172077284,2.3017116494039085
-0.1320638017008342,0.1685233000200983,1.0,1.519484784040372
-0.6319938574589987,-0.03772631656623604,0.8185660145587554,0.08635186727131779
0.28345876121585634,-0.2517139183102257,-0.6670693981110556,0.6717667809838237
0.03626321411705691,1.0,1.0,11.800710280881072
0.5319768058618219,-0.5813384527126917,-0.3234721542271215,1.2825124835537494
0.1716941978987614,-1.0,-0.8891857621637813,-11.233860988559812
0.2912680225301876,-1.0,-1.0,-20.457580572687046
1.0,-1.0,0.06914066062006285,-7.851304541189354
0.5700134329655271,0.4620506285090351,-1.0,-2.687964802980595
-0.4632511187167827,-1.0,0.2892133639133856,3.5200768305544297
1.0,1.0,0.18640816087448742,13.081020965027042
-0.121501504392447,-0.8213081480909552,0.13105269222371696,1.9579452550130485
-0.30629681026472766,-0.3458551039346607,1.0,0.11392836737420749
-1.0,-0.5333503215179423,-0.7523212495242977,0.32952049264423877
-0.26379696426994803,-1.0,-0.8723835010926997,-8.215308800448971
0.2410914511920672,-0.001760043155603297,0.531530482679677,0.7181615602053524
0.4587734401849317,-0.46918509406163,-0.20593018136525232,1.3835680438320084
-0.439422253447874,-0.050150509517000286,-0.6720937415148789,0.8111590665611541
-0.48228002633089373,-0.8745850889605746,0.71742328816107,1.3176742088324351
0.41229668141817455,-0.7342223485714701,-1.0,-9.46564535831238
-1.0,0.52370240486791,-1.0,18.72832369289726
0.6956982761318815,0.06427589284112734,0.7810592850316531,2.4584091546744427
-1.0,0.31258664739978337,-0.40489863939730264,-1.521178339906311
0.9212582146943644,-0.13194473744619795,0.7723876173299622,5.026583294995845
-1.0,-0.4080829650582649,-0.6835403559071349,0.6800777298222471
-0.06569292386088099,-1.0,-0.9950844448505283,-16.153907861851483
0.3524565109413307,1.0,1.0,9.625981673769923
0.12428163060378217,0.8718730619232113,0.49681254152901566,4.373253164511313
-1.0,0.8523270777382468,0.07937641301867826,1.2390018951862496
-0.21157002471583763,-0.753606054030767,1.0,-1.1068504768237037
0.027347078293658456,-0.31159028960867974,0.5163574568418869,0.6266822309699649
1.0,-0.7353326771490811,1.0,0.3175238156099376
1.0,-1.0,-1.0,-29.762658352779273
0.19330603710451477,0.34285696633533,0.7876096706765745,1.1646557010350271
-0.15637773761510632,0.31511008940547414,0.24010772793013535,0.6191989655918003
0.14843898208697648,1.0,-1.0,4.439740512325599
-1.0,-0.056642077676640534,-0.8114469100880648,2.904170295924542
0.04489152833503418,0.02905044132714618,0.6381390152704627,0.4400021383273038
1.0,-0.7827255101809676,-0.6814023021075597,1.307610849223345
-0.7395704616484482,-0.6328948587410523,-0.125184575659246,1.674530719278451
0.13726464227504764,-0.43897765608164563,-0.16458699991710213,1.1652373530011397
-0.4358373038570087,-0.3128158280271429,-0.3360443547032066,0.24543564372976728
0.15193566965038774,0.7736835635241393,-0.5728948664176856,2.5528480133005145
0.8511871378876323,0.9875200522896574,1.0,17.25595652500589
-0.32045787918345536,0.9208987467447414,0.19366544863308688,3.6224760706929757
0.820487363140098,0.6342036828899233,0.28998710683879625,2.4231886009406116
0.3076791614952392,-0.023726071088912448,0.5214541301134197,0.3827642458591775
0.546358156664104,-0.08424946445525006,-1.0,-3.5558764530246325
0.18454921180681927,-0.10241894477209512,0.44843690134756065,0.4627199871893171
0.12803337886721522,0.8379934235295041,-0.40511649514399495,3.366281928946368
-1.0,-0.3555162488406849,0.4631946618141096,-2.0023894980852557
1.0,0.7258181320992816,-1.0,16.612374399198853
-0.02340640048170939,-0.5446013589682113,0.274240261873961,1.6956381278254622
-0.7039666026464251,-1.0,0.18420981064367337,4.694304917224233
1.0,1.0,0.35471255987292283,13.134220698017435
0.04509040280219612,0.11019321156337636,1.0,0.8567582259781414
-1.0,-1.0,-0.23109194685834145,6.61805303111896
0.8429514088525933,1.0,1.0,17.136846881729873
1.0,1.0,-0.7483133033214859,28.070120237177342
0.42361146289900575,-0.250595751828236,0.09594068600228178,1.3505454225878781
-0.17444668651637185,0.42711826326150515,1.0,2.0811819696252014
0.5702339903913958,-0.3326154216912789,0.7288097356277516,0.9852732455780504
-0.499375151766257,-0.9578902752914589,0.2947323352427702,4.073604799888411
-1.0,0.7444925552945596,1.0,9.675530221714382
-0.8271963796734276,-0.051466227968426814,0.574171730634822,-1.6676176174107145
1.0,-1.0,1.0,-9.65263555750939
-0.8523956997966635,-0.1631233186700367,1.0,4.527125995601511
1.0,-0.46004502567795313,0.5376651796419201,4.630996655892398
-1.0,0.8206106838285006,0.09398562478366079,0.5587733809233393
-0.8619673315692005,-0.8967776151271045,1.0,9.314839174555106
-1.0,-0.886363466094195,-1.0,4.483056155798936
-0.16645991497008916,-0.2624040637539615,-1.0,-3.3817470746320293
-0.5942059465042564,0.37175614512397126,0.1993139828771966,-1.2868692543950249
-0.33763255521601376,0.1955821355740781,-1.0,-2.4624354796945362
-1.0,0.6649453534127157,0.631040699653453,-3.134386402263651
-0.9557618408902702,0.723344647189941,-0.4998185894587155,1.0350956810150287
-0.5496294174716598,-0.20607852348837263,-1.0,-0.7013587377088721
0.7977430141388746,-1.0,0.5363173287773251,-3.2639675605325515
1.0,0.12997839424845425,-0.11751734119054236,4.010636667131953
-0.5826015326440628,1.0,0.1119014627912156,5.224557419540329
-0.8779120135581013,-0.07967161921564792,0.018420219018833617,-2.645140002622601
0.14523311724467236,-1.0,1.0,-7.029961729776402
0.49273215551137994,0.42350865368375534,-0.192687487400113,0.4446285527825772
-1.0,0.8597255387640559,-0.896931633862943,13.500560878196538
-0.7143820500747016,-0.6554981489912459,0.006390639800541997,2.741944547202024
-0.12659381619361665,0.19662430598022396,-0.24188815932344832,0.15527630312634325
-0.9499273856747819,-0.00813476220184084,-0.3212320917130973,-2.9025241245645086
1.0,0.04563016454768665,-1.0,8.260057791683245
1.0,0.03578472415062617,0.8426555815526569,10.170630563478365
0.07145981210013774,0.05035406766753203,0.19806204180498566,0.4442872423272358
-0.6965117187119103,-0.32004276539130694,-0.9801755003166364,1.4837818652961001
-1.0,0.4468934890696301,-0.7238199853138587,4.125000378071142
-0.1250386747219847,1.0,-1.0,3.1099419503897408
-0.28889258704039333,0.1886589262516991,0.07835017587469961,-0.5365482930800124
0.2638885766654797,-0.42970769060658864,0.24381358030794198,1.3973116277529498
-0.7771734628497551,-0.5863236940685863,-0.048643589036410084,1.7411453019660437
0.08985793351131877,0.4342046467971681,0.6364755611682806,1.3342326997431808
-1.0,-0.062367257390590236,-1.0,9.808040701707515
0.8331717268149177,-0.5254688055695709,-0.9901968024099523,-3.1032736280525235
0.17696021582843002,-0.21860578213953996,1.0,-2.0177242062223275
0.8909453971054608,-0.954836068584747,0.6488468613487088,-2.5685186418224912
-0.1834716041651132,0.057060655702337426,0.1930293132903882,0.041413797519709215
-0.1896123788015729,1.0,-0.4874185381838063,7.6477049581960985
-0.14123917529176078,-0.1694252177764457,-0.4048769556246983,0.6505008084978411
-0.1249373446536246,0.3581191301281941,0.626573841447146,0.05359922869912197
0.11839576909997818,0.6692604139528848,-0.0548265260980918,1.3501765902195788
1.0,0.18621671556974562,-0.4530527615724371,4.960226498580087
-0.20316853324414796,-0.22905169377502976,-1.0,-3.769066567218789
0.5295430403720554,0.48111430405388145,0.6049449882564979,2.1443409027206206
1.0,0.04247027038277773,-0.434039618392829,5.162794008051511
-0.2453386269677904,-0.615375075265324,-0.07572960475999002,0.9683853181144342
-1.0,0.03624137498209845,-1.0,11.476425661273646
0.5821624705358415,0.49351303536329505,0.1835481027577599,1.081220059847666
-0.4612093465024052,-1.0,-0.889939126877987,-7.460846080765076
0.34040116834991063,-0.5116722241486653,0.323847626391087,0.9603699089416142
-0.46686526989318744,-0.8725555839223393,-0.9950460444725016,-8.437810725934042
-0.7421366637361029,-0.06400084845441012,0.45076509314765256,-0.4918801732166498
-0.5536707907811498,0.837474421099786,-0.2809617311355783,0.760733791833184
-1.0,-0.47003577540720287,-0.3390027118662502,-0.710436387855424
-0.2223473347598115,-1.0,1.0,-5.2303225978642685
-1.0,0.8572247864498108,0.20828118929301342,0.7790723032980363
-0.2280812887188035,0.04498849706285846,-0.3921184094089849,0.5292765327269096
0.41525379307917976,-1.0,0.17402753933798443,1.6029373218032446
1.0,0.0014859251166869925,-0.2773378087955314,4.472663075308862
0.8467102934900501,0.6006872727242356,-1.0,3.9212312259837323
0.12909959189287123,0.6797876471681066,0.2066579761414118,1.190341689431583
0.4167287942268574,1.0,0.20656508245418737,7.642329441613844
-0.8562673365674653,-0.5455148397164131,-0.11397044389957611,1.117665180797873
0.7848614463032988,-1.0,-0.20875432176334585,-4.135960258971982
-0.17471555160672514,0.6302565485283973,-1.0,-4.2457175546334325
0.43795552784490654,1.0,-0.41583676651954926,10.182479157881048
-0.02394742505204328,1.0,-1.0,4.127728371916023
0.008386572751856392,-0.29342859918388164,0.1053314659547544,0.7907599572553476
0.7152481058908773,0.20274487047689393,0.309517367370556,2.421397869545192
-0.4688280416567965,-1.0,0.3140916422538267,3.793904899162578
0.9726795865208202,0.22184775451099936,-0.5492589257537459,5.098633815180419
-1.0,-0.18731881980651033,0.34885195480845876,-3.095952452443407
-0.031058788913278512,0.971423499133099,0.09574974397698632,6.875899292211451
1.0,1.0,0.6557956890960839,15.943898506141155
0.2712056684730151,0.2953372302774928,-0.3042724941814241,1.1007363076157481
-0.6893307002920219,0.5918159351019225,0.051756096103419136,-2.311417716486044
0.8325130832633476,0.578149632275986,-0.41977514329282983,2.416740667923886
1.0,0.41304069054497705,-1.0,12.554885903361106
-0.5999347449730457,-0.9615260347582064,0.11729420238192789,4.395612388339991
0.34589134741798166,-0.22587368719561263,-1.0,-4.901062491319961
1.0,0.3349999860985151,0.9546521059785886,16.77090630558584
0.4096050474182702,-1.0,0.6372754384609596,-0.900158164453446
-0.5028142002318718,-0.9760926074490783,0.38045391555115526,3.3963044281921517
0.5954824075481226,-0.706052720399517,-1.0,-10.324962595760686
1.0,-0.7081170608989995,-0.11977770201564986,2.4175745978683336
1.0,-1.0,1.0,-9.057376407608611
1.0,-1.0,1.0,-9.121298560858966
-0.8874266246583049,0.6727549553029082,0.7395748352071592,-1.623034321188407
0.13227603094380846,1.0,-0.4948015753460431,10.06045593084933
1.0,0.09274343879311986,0.16149185240095454,5.730457264504746
-0.5080708663261937,1.0,-1.0,0.8325884861412027
-1.0,1.0,0.33717523454984,3.169041730621536
-0.062348715811644695,-0.619531984515957,0.9659527466605935,-0.8797569604555306
0.2947748834281263,-0.06583140251067832,-0.5267253588666285,1.3084781023822354
-1.0,0.11829824893091834,0.603468674760959,-3.9829865199086236
0.2395475667009903,1.0,-0.8423773094719262,9.99978951603516
-0.5325934598961037,0.5107209411647557,0.951192160972125,3.1538113912764203
0.29517251112839915,-0.9683554355954005,0.1615097337636653,1.3891532846269141
-0.06364321794848493,0.049653139664313395,-1.0,-2.4577506708371857
0.21577446328747496,0.6948445363338482,-1.0,-2.9558900734130393
-0.13321228815589503,-0.5268430699326068,0.17101339564730988,0.8322312720354718
-1.0,1.0,0.576372996288042,0.8329449263525365
-0.9445612024896048,-0.3195036642960558,-0.6428961419723926,0.4930469938224075
-0.4149504276636069,-0.09958255996945176,0.17629768259712097,-1.0033617165438689
-1.0,1.0,-1.0,21.460154992839303
-0.4612426352021548,-1.0,0.5029442728338438,3.1779114893790625
0.4660848712906893,-0.4802716649996135,0.1503086603969952,1.9050513554108106
0.4344832478531384,0.14482533754973148,-0.46420805269717835,1.061407615417975
0.5344104147156898,0.4184786472389894,-0.23555942431329946,0.8873475268317402
-1.0,1.0,-0.5313110935439374,12.984219639675288
0.31569241934927805,0.5315111573250495,-0.13623163456195764,-0.24142189937390135
-1.0,0.0506385409590171,1.0,3.7651928163890083
1.0,1.0,-0.2720551992617437,16.629269181997856
-0.6394976657862514,1.0,0.1459595040348427,3.880087564710731
0.8458159281825817,1.0,-0.12694014788076746,10.564011015421178
-0.3635538935115703,-0.7021181825790259,0.4487103805417645,0.5780332779032185
1.0,-0.1670233905220131,-1.0,5.586563299646579
-1.0,1.0,1.0,16.95960662974297
-1.0,0.7292122445520115,0.41093713311618707,-2.3283764837851972
-1.0,-0.9262880465836427,0.8032286300978992,14.824274584961033
-0.4359299306001432,-1.0,0.8083829324033276,0.26586380630974404
0.4697349797434056,-0.01092358124908599,0.9049246747135122,-0.70249224330665
-0.554594198130806,-0.22095628625137476,0.02697791919385728,0.3678964167607287
0.19827190091677216,0.10374764729424313,-1.0,-3.661964838458837
-0.4883125545372313,0.8271275419780795,0.2633642433569867,0.29830233736450473
0.3395669025834711,0.46957905929298716,-0.8152708702700195,-0.44068450638953205
0.21507753470864222,-0.3455743350507845,0.5450500146660329,0.40308122856130024
-1.0,-0.3462654592602057,-0.903779235362,4.8505139379080315
0.8951704553123376,-1.0,0.6082321298296312,-4.223555531896237
-0.23438820427664653,-1.0,0.18225196477048433,3.460441726455454
1.0,0.06063609964015826,-0.1721708933731929,5.456833926569791
-1.0,0.6567098350451024,-0.09966981929556273,-0.927972067686509
-0.4969022122548534,1.0,-0.8357239629803876,3.1957915862931507
-0.20740302502064067,0.38140741013712876,0.6165573967830027,0.15991026432842886
-0.9911164440144524,-0.16013397161838827,0.19164374232093673,-3.985827260743738
-0.5597748956594275,0.3886836008352976,-0.5943330047722659,-1.572881000274069
-0.31440561868391637,1.0,0.30834578058093354,6.9446422577421485
0.44954012985467307,1.0,-0.5874480969797531,11.674360778820297
-0.4046781600246985,1.0,-0.3926004162376764,6.312936301800715
-0.6514579866334831,-0.6944600088879871,0.8478382472270387,2.0130001041914203
0.35437215477069217,0.8428494597935805,1.0,6.962866148221136
-1.0,-0.8405437082075937,-1.0,4.097516290544968
-0.7344033751779198,-0.36718250759224436,0.4007130868492621,-1.0034117359440557
-0.37833176250047584,-0.7884187651712742,0.15745947883806233,2.672079484479892
-1.0,-0.16696274492030239,0.1859398778219976,-4.262296122568126
-1.0,-0.27403319121736813,-0.29862910154418065,-2.4186859341891322
0.22795210609921313,0.28929783320457325,1.0,1.8981954405963335
